Astra Normal,10/31/2022 6:02:40 PM
Astra Radler,10/31/2022 6:03:25 PM
Cola,10/31/2022 6:04:24 PM
Mönchshof Hell,10/31/2022 6:05:33 PM
Mönchshof Kellerbier,10/31/2022 6:09:21 PM
Gaffel Kölsch,10/31/2022 6:10:29 PM
Astra Radler,10/31/2022 6:11:42 PM
Cola,10/31/2022 6:13:14 PM
Moscow Mule,10/31/2022 6:13:34 PM
Tequila Sunrise,10/31/2022 6:13:35 PM
Früh Kölsch,10/31/2022 6:14:44 PM
Früh Kölsch,10/31/2022 6:16:21 PM
Tequila Sunrise,10/31/2022 6:17:17 PM
Mönchshof Kellerbier,10/31/2022 6:19:06 PM
Mönchshof Kellerbier,10/31/2022 6:19:07 PM
Früh Kölsch,10/31/2022 6:19:08 PM
Moscow Mule,10/31/2022 6:19:52 PM
Tequila Sunrise,10/31/2022 6:20:45 PM
Pizza Bread,10/31/2022 6:25:22 PM
Pizza Bread,10/31/2022 6:25:43 PM
Pizza Bread,10/31/2022 6:25:44 PM
Astra Radler,10/31/2022 6:27:08 PM
Astra Radler,10/31/2022 6:27:08 PM
Cola,10/31/2022 6:27:39 PM
SevenUp,10/31/2022 6:28:23 PM
Pizza Bread,10/31/2022 6:29:18 PM
Pizza Bread,10/31/2022 6:31:41 PM
Pizza Bread,10/31/2022 6:31:41 PM
Mönchshof Kellerbier,10/31/2022 6:37:33 PM
Mexikaner,10/31/2022 6:39:14 PM
Mexikaner,10/31/2022 6:39:14 PM
Mexikaner,10/31/2022 6:39:15 PM
Gaffel Kölsch,10/31/2022 6:40:16 PM
Gaffel Kölsch,10/31/2022 6:40:17 PM
Gaffel Kölsch,10/31/2022 6:40:17 PM
Gaffel Kölsch,10/31/2022 6:40:30 PM
Gaffel Kölsch,10/31/2022 6:40:30 PM
Gaffel Kölsch,10/31/2022 6:40:31 PM
Cola,10/31/2022 6:41:11 PM
Pizza Bread,10/31/2022 6:43:03 PM
Moscow Mule,10/31/2022 6:43:42 PM
Pizza Bread,10/31/2022 6:43:43 PM
Gaffel Kölsch,10/31/2022 6:45:10 PM
Pizza Bread,10/31/2022 6:45:13 PM
Pizza Bread,10/31/2022 6:45:18 PM
White Sweet,10/31/2022 7:01:24 PM
Früh Kölsch,10/31/2022 7:01:29 PM
Moscow Mule,10/31/2022 7:02:33 PM
Mönchshof Kellerbier,10/31/2022 7:02:38 PM
Pizza Bread,10/31/2022 7:03:10 PM
Cola,10/31/2022 7:03:11 PM
Mönchshof Kellerbier,10/31/2022 7:03:49 PM
Astra Radler,10/31/2022 7:04:11 PM
Cola,10/31/2022 7:04:29 PM
White Sweet,10/31/2022 7:05:20 PM
Moscow Mule,10/31/2022 7:05:26 PM
Moscow Mule,10/31/2022 7:05:39 PM
Gaffel Kölsch,10/31/2022 7:06:16 PM
Gaffel Kölsch,10/31/2022 7:06:17 PM
Tequila Sunrise,10/31/2022 7:07:02 PM
Tequila Sunrise,10/31/2022 7:08:22 PM
White Sweet,10/31/2022 7:08:23 PM
White Sweet,10/31/2022 7:08:23 PM
Fanta,10/31/2022 7:08:57 PM
Cola,10/31/2022 7:09:00 PM
Tequila Sunrise,10/31/2022 7:09:22 PM
Tequila Sunrise,10/31/2022 7:09:22 PM
Moscow Mule,10/31/2022 7:10:10 PM
Moscow Mule,10/31/2022 7:10:49 PM
Moscow Mule,10/31/2022 7:11:29 PM
Pizza Bread,10/31/2022 7:12:20 PM
Fanta,10/31/2022 7:12:21 PM
Mönchshof Kellerbier,10/31/2022 7:12:38 PM
White Sweet,10/31/2022 7:12:55 PM
Gaffel Kölsch,10/31/2022 7:14:57 PM
Pizza Bread,10/31/2022 7:14:58 PM
White Sweet,10/31/2022 7:15:05 PM
Gaffel Kölsch,10/31/2022 7:15:34 PM
Pizza Bread,10/31/2022 7:16:03 PM
Pizza Bread,10/31/2022 7:16:03 PM
Gaffel Kölsch,10/31/2022 7:16:10 PM
Cola,10/31/2022 7:17:13 PM
Pizza Bread,10/31/2022 7:17:14 PM
Pizza Bread,10/31/2022 7:17:14 PM
Astra Normal,10/31/2022 7:17:27 PM
Gaffel Kölsch,10/31/2022 7:17:53 PM
SevenUp,10/31/2022 7:18:05 PM
Gaffel Kölsch,10/31/2022 7:18:07 PM
Pizza Bread,10/31/2022 7:18:39 PM
Pizza Bread,10/31/2022 7:18:53 PM
Mönchshof Kellerbier,10/31/2022 7:19:27 PM
Astra Normal,10/31/2022 7:19:58 PM
Tequila Sunrise,10/31/2022 7:20:03 PM
Mexikaner,10/31/2022 7:20:10 PM
Mönchshof Kellerbier,10/31/2022 7:21:15 PM
Mönchshof Kellerbier,10/31/2022 7:21:15 PM
Gaffel Kölsch,10/31/2022 7:21:25 PM
Pizza Bread,10/31/2022 7:21:52 PM
Gaffel Kölsch,10/31/2022 7:22:45 PM
Früh Kölsch,10/31/2022 7:22:46 PM
Früh Kölsch,10/31/2022 7:23:17 PM
Gaffel Kölsch,10/31/2022 7:23:18 PM
Pizza Bread,10/31/2022 7:23:21 PM
Moscow Mule,10/31/2022 7:23:27 PM
Pizza Bread,10/31/2022 7:24:29 PM
Früh Kölsch,10/31/2022 7:24:41 PM
Früh Kölsch,10/31/2022 7:24:41 PM
Früh Kölsch,10/31/2022 7:24:42 PM
Mönchshof Kellerbier,10/31/2022 7:24:58 PM
Mönchshof Kellerbier,10/31/2022 7:24:58 PM
Früh Kölsch,10/31/2022 7:25:04 PM
Früh Kölsch,10/31/2022 7:25:47 PM
Früh Kölsch,10/31/2022 7:25:47 PM
Früh Kölsch,10/31/2022 7:25:47 PM
Tequila Sunrise,10/31/2022 7:26:32 PM
Pizza Bread,10/31/2022 7:26:33 PM
SevenUp,10/31/2022 7:26:34 PM
Moscow Mule,10/31/2022 7:26:57 PM
Früh Kölsch,10/31/2022 7:27:44 PM
Gaffel Kölsch,10/31/2022 7:28:13 PM
Mönchshof Kellerbier,10/31/2022 7:28:55 PM
Mönchshof Kellerbier,10/31/2022 7:29:19 PM
Pizza Bread,10/31/2022 7:29:21 PM
Non Alcoholic Beer,10/31/2022 7:29:22 PM
Astra Radler,10/31/2022 7:29:37 PM
Mönchshof Kellerbier,10/31/2022 7:30:22 PM
Pizza Bread,10/31/2022 7:30:23 PM
Pizza Bread,10/31/2022 7:30:23 PM
SevenUp,10/31/2022 7:30:24 PM
Tequila Sunrise,10/31/2022 7:30:25 PM
Früh Kölsch,10/31/2022 7:31:07 PM
Tequila Sunrise,10/31/2022 7:31:10 PM
Moscow Mule,10/31/2022 7:31:11 PM
SevenUp,10/31/2022 7:31:17 PM
Mexikaner,10/31/2022 7:32:50 PM
White Sweet,10/31/2022 7:32:56 PM
Pizza Bread,10/31/2022 7:33:23 PM
SevenUp,10/31/2022 7:33:24 PM
Mönchshof Kellerbier,10/31/2022 7:33:49 PM
Pizza Bread,10/31/2022 7:33:50 PM
Red Dry,10/31/2022 7:34:08 PM
Red Dry,10/31/2022 7:34:08 PM
Mönchshof Kellerbier,10/31/2022 7:34:50 PM
Pizza Bread,10/31/2022 7:34:52 PM
Pizza Bread,10/31/2022 7:35:45 PM
Tequila Sunrise,10/31/2022 7:36:19 PM
Tequila Sunrise,10/31/2022 7:36:48 PM
Tequila Sunrise,10/31/2022 7:36:48 PM
Mönchshof Kellerbier,10/31/2022 7:37:33 PM
Mönchshof Kellerbier,10/31/2022 7:37:33 PM
Pizza Bread,10/31/2022 7:37:41 PM
Astra Radler,10/31/2022 7:38:00 PM
Mönchshof Hell,10/31/2022 7:38:02 PM
Früh Kölsch,10/31/2022 7:38:14 PM
Gaffel Kölsch,10/31/2022 7:40:26 PM
Tequila Sunrise,10/31/2022 7:40:28 PM
Früh Kölsch,10/31/2022 7:41:32 PM
Pizza Bread,10/31/2022 7:41:33 PM
Pizza Bread,10/31/2022 7:41:33 PM
Mexikaner,10/31/2022 7:42:03 PM
Mexikaner,10/31/2022 7:42:04 PM
Früh Kölsch,10/31/2022 7:42:07 PM
Pizza Bread,10/31/2022 7:43:09 PM
Pizza Bread,10/31/2022 7:43:09 PM
Pizza Bread,10/31/2022 7:43:49 PM
Mönchshof Hell,10/31/2022 7:43:51 PM
Pizza Bread,10/31/2022 7:45:01 PM
Gaffel Kölsch,10/31/2022 7:45:03 PM
Gaffel Kölsch,10/31/2022 7:45:19 PM
Pizza Bread,10/31/2022 7:45:25 PM
Pizza Bread,10/31/2022 7:45:25 PM
Gaffel Kölsch,10/31/2022 7:46:05 PM
Cola,10/31/2022 7:46:38 PM
Non Alcoholic Beer,10/31/2022 7:46:39 PM
Gaffel Kölsch,10/31/2022 7:46:45 PM
Gaffel Kölsch,10/31/2022 7:46:46 PM
Astra Radler,10/31/2022 7:47:15 PM
Astra Radler,10/31/2022 7:47:16 PM
Astra Normal,10/31/2022 7:47:22 PM
Astra Normal,10/31/2022 7:47:22 PM
Mexikaner,10/31/2022 7:47:26 PM
Pizza Bread,10/31/2022 7:47:37 PM
Pizza Bread,10/31/2022 7:47:54 PM
Mexikaner,10/31/2022 7:48:31 PM
Früh Kölsch,10/31/2022 7:49:22 PM
Tequila Sunrise,10/31/2022 7:49:27 PM
Pizza Bread,10/31/2022 7:50:34 PM
Moscow Mule,10/31/2022 7:51:43 PM
Moscow Mule,10/31/2022 7:51:43 PM
Pizza Bread,10/31/2022 7:52:36 PM
Pizza Bread,10/31/2022 7:52:36 PM
Pizza Bread,10/31/2022 7:52:37 PM
Pizza Bread,10/31/2022 7:52:37 PM
Pizza Bread,10/31/2022 7:53:44 PM
Pizza Bread,10/31/2022 7:53:45 PM
Red Dry,10/31/2022 7:53:47 PM
Pizza Bread,10/31/2022 7:53:50 PM
Mexikaner,10/31/2022 7:53:55 PM
Tequila Sunrise,10/31/2022 7:53:56 PM
Tequila Sunrise,10/31/2022 7:55:12 PM
Tequila Sunrise,10/31/2022 7:55:41 PM
Tequila Sunrise,10/31/2022 7:55:41 PM
Pizza Bread,10/31/2022 7:56:46 PM
Red Dry,10/31/2022 7:57:17 PM
Fanta,10/31/2022 7:58:16 PM
Mönchshof Hell,10/31/2022 7:58:30 PM
Pizza Bread,10/31/2022 7:58:31 PM
Cola,10/31/2022 8:00:35 PM
Moscow Mule,10/31/2022 8:00:37 PM
Moscow Mule,10/31/2022 8:00:38 PM
Moscow Mule,10/31/2022 8:00:38 PM
Moscow Mule,10/31/2022 8:00:38 PM
Moscow Mule,10/31/2022 8:00:39 PM
Pizza Bread,10/31/2022 8:01:17 PM
Pizza Bread,10/31/2022 8:01:17 PM
White Half-dry,10/31/2022 8:01:19 PM
Gaffel Kölsch,10/31/2022 8:01:26 PM
Pizza Bread,10/31/2022 8:02:51 PM
Fanta,10/31/2022 8:03:02 PM
Gaffel Kölsch,10/31/2022 8:03:47 PM
Pizza Bread,10/31/2022 8:03:47 PM
Moscow Mule,10/31/2022 8:04:47 PM
Mönchshof Hell,10/31/2022 8:05:03 PM
Pizza Bread,10/31/2022 8:05:17 PM
Pizza Bread,10/31/2022 8:05:17 PM
Mexikaner,10/31/2022 8:05:20 PM
Mexikaner,10/31/2022 8:05:20 PM
Gaffel Kölsch,10/31/2022 8:05:21 PM
Mönchshof Hell,10/31/2022 8:06:02 PM
Tequila Sunrise,10/31/2022 8:06:27 PM
Tequila Sunrise,10/31/2022 8:06:53 PM
Tequila Sunrise,10/31/2022 8:07:18 PM
Gaffel Kölsch,10/31/2022 8:07:32 PM
Mexikaner,10/31/2022 8:07:42 PM
Mexikaner,10/31/2022 8:07:42 PM
Gaffel Kölsch,10/31/2022 8:07:57 PM
Früh Kölsch,10/31/2022 8:08:43 PM
Tequila Sunrise,10/31/2022 8:08:45 PM
Tequila Sunrise,10/31/2022 8:08:45 PM
Mönchshof Hell,10/31/2022 8:08:48 PM
Mexikaner,10/31/2022 8:09:19 PM
Mexikaner,10/31/2022 8:09:19 PM
Mönchshof Hell,10/31/2022 8:09:31 PM
Mönchshof Hell,10/31/2022 8:09:31 PM
Mexikaner,10/31/2022 8:10:26 PM
Mönchshof Hell,10/31/2022 8:11:40 PM
Mönchshof Hell,10/31/2022 8:11:40 PM
Mexikaner,10/31/2022 8:11:41 PM
Mexikaner,10/31/2022 8:11:42 PM
Mexikaner,10/31/2022 8:11:42 PM
Mexikaner,10/31/2022 8:11:42 PM
Gaffel Kölsch,10/31/2022 8:11:46 PM
Gaffel Kölsch,10/31/2022 8:11:46 PM
Tequila Sunrise,10/31/2022 8:12:21 PM
Mönchshof Hell,10/31/2022 8:13:45 PM
Mönchshof Hell,10/31/2022 8:13:45 PM
Mönchshof Hell,10/31/2022 8:13:45 PM
Gaffel Kölsch,10/31/2022 8:13:55 PM
Gaffel Kölsch,10/31/2022 8:14:33 PM
Mexikaner,10/31/2022 8:15:01 PM
Mexikaner,10/31/2022 8:15:01 PM
Mexikaner,10/31/2022 8:15:01 PM
Mexikaner,10/31/2022 8:15:01 PM
Mexikaner,10/31/2022 8:15:02 PM
Gaffel Kölsch,10/31/2022 8:15:30 PM
Astra Radler,10/31/2022 8:15:49 PM
Astra Radler,10/31/2022 8:16:56 PM
Astra Radler,10/31/2022 8:16:56 PM
Mönchshof Hell,10/31/2022 8:17:14 PM
Früh Kölsch,10/31/2022 8:17:18 PM
Früh Kölsch,10/31/2022 8:17:19 PM
Früh Kölsch,10/31/2022 8:17:19 PM
Mexikaner,10/31/2022 8:17:20 PM
Gaffel Kölsch,10/31/2022 8:17:26 PM
Mexikaner,10/31/2022 8:17:27 PM
White Half-dry,10/31/2022 8:18:17 PM
Astra Normal,10/31/2022 8:18:50 PM
Astra Normal,10/31/2022 8:18:50 PM
Astra Normal,10/31/2022 8:18:51 PM
Pizza Bread,10/31/2022 8:19:14 PM
Cola,10/31/2022 8:19:15 PM
Gaffel Kölsch,10/31/2022 8:19:29 PM
Pizza Bread,10/31/2022 8:20:26 PM
Cola,10/31/2022 8:20:30 PM
Tequila Sunrise,10/31/2022 8:20:35 PM
Pizza Bread,10/31/2022 8:21:26 PM
White Half-dry,10/31/2022 8:22:06 PM
Red Dry,10/31/2022 8:22:07 PM
Pizza Bread,10/31/2022 8:22:32 PM
Non Alcoholic Beer,10/31/2022 8:22:33 PM
Cola,10/31/2022 8:22:34 PM
Mönchshof Hell,10/31/2022 8:22:49 PM
Mönchshof Hell,10/31/2022 8:23:16 PM
Pizza Bread,10/31/2022 8:23:17 PM
Mexikaner,10/31/2022 8:24:09 PM
Astra Radler,10/31/2022 8:24:55 PM
Astra Radler,10/31/2022 8:24:55 PM
Pizza Bread,10/31/2022 8:24:56 PM
Pizza Bread,10/31/2022 8:25:08 PM
Pizza Bread,10/31/2022 8:25:08 PM
Pizza Bread,10/31/2022 8:25:08 PM
Gaffel Kölsch,10/31/2022 8:25:19 PM
Pizza Bread,10/31/2022 8:26:06 PM
Früh Kölsch,10/31/2022 8:26:14 PM
Mönchshof Hell,10/31/2022 8:26:39 PM
Pizza Bread,10/31/2022 8:27:04 PM
Pizza Bread,10/31/2022 8:27:04 PM
Mönchshof Hell,10/31/2022 8:27:18 PM
Pizza Bread,10/31/2022 8:27:19 PM
Pizza Bread,10/31/2022 8:27:59 PM
Tequila Sunrise,10/31/2022 8:28:47 PM
Fanta,10/31/2022 8:29:09 PM
White Half-dry,10/31/2022 8:29:11 PM
Mönchshof Hell,10/31/2022 8:29:45 PM
Astra Radler,10/31/2022 8:30:48 PM
Tequila Sunrise,10/31/2022 8:31:36 PM
Tequila Sunrise,10/31/2022 8:31:36 PM
Astra Radler,10/31/2022 8:32:40 PM
Gaffel Kölsch,10/31/2022 8:33:47 PM
Gaffel Kölsch,10/31/2022 8:33:47 PM
Mexikaner,10/31/2022 8:33:48 PM
Moscow Mule,10/31/2022 8:34:56 PM
Moscow Mule,10/31/2022 8:35:36 PM
Mönchshof Hell,10/31/2022 8:35:39 PM
Gaffel Kölsch,10/31/2022 8:35:58 PM
Astra Radler,10/31/2022 8:37:01 PM
Pizza Bread,10/31/2022 8:37:02 PM
Früh Kölsch,10/31/2022 8:37:10 PM
Pizza Bread,10/31/2022 8:37:26 PM
Mönchshof Hell,10/31/2022 8:37:43 PM
Mönchshof Hell,10/31/2022 8:38:11 PM
Früh Kölsch,10/31/2022 8:38:35 PM
Früh Kölsch,10/31/2022 8:38:35 PM
Moscow Mule,10/31/2022 8:40:19 PM
Moscow Mule,10/31/2022 8:40:19 PM
Pizza Bread,10/31/2022 8:40:20 PM
White Half-dry,10/31/2022 8:40:37 PM
White Half-dry,10/31/2022 8:40:37 PM
Mönchshof Hell,10/31/2022 8:41:57 PM
Mönchshof Hell,10/31/2022 8:42:22 PM
Mönchshof Hell,10/31/2022 8:42:42 PM
Mexikaner,10/31/2022 8:42:57 PM
Mexikaner,10/31/2022 8:42:57 PM
Mexikaner,10/31/2022 8:42:57 PM
Mönchshof Hell,10/31/2022 8:42:59 PM
Mönchshof Hell,10/31/2022 8:42:59 PM
Pizza Bread,10/31/2022 8:43:42 PM
Mönchshof Hell,10/31/2022 8:43:43 PM
Mönchshof Hell,10/31/2022 8:43:56 PM
Früh Kölsch,10/31/2022 8:43:58 PM
Pizza Bread,10/31/2022 8:44:17 PM
Gaffel Kölsch,10/31/2022 8:44:41 PM
Pizza Bread,10/31/2022 8:44:42 PM
Mönchshof Hell,10/31/2022 8:45:07 PM
Pizza Bread,10/31/2022 8:45:08 PM
Tequila Sunrise,10/31/2022 8:45:38 PM
Gaffel Kölsch,10/31/2022 8:45:57 PM
Moscow Mule,10/31/2022 8:46:00 PM
Fanta,10/31/2022 8:46:09 PM
Fanta,10/31/2022 8:46:09 PM
SevenUp,10/31/2022 8:46:11 PM
Pizza Bread,10/31/2022 8:46:12 PM
Pizza Bread,10/31/2022 8:46:23 PM
Pizza Bread,10/31/2022 8:46:49 PM
Pizza Bread,10/31/2022 8:46:53 PM
SevenUp,10/31/2022 8:47:45 PM
Cola,10/31/2022 8:47:48 PM
Fanta,10/31/2022 8:47:48 PM
Pizza Bread,10/31/2022 8:48:44 PM
Pizza Bread,10/31/2022 8:48:44 PM
Pizza Bread,10/31/2022 8:49:20 PM
Pizza Bread,10/31/2022 8:49:20 PM
White Half-dry,10/31/2022 8:51:37 PM
Mönchshof Hell,10/31/2022 8:51:44 PM
Mönchshof Hell,10/31/2022 8:51:47 PM
Tequila Sunrise,10/31/2022 8:51:47 PM
Früh Kölsch,10/31/2022 8:52:36 PM
Früh Kölsch,10/31/2022 8:52:37 PM
Tequila Sunrise,10/31/2022 8:52:39 PM
Tequila Sunrise,10/31/2022 8:52:46 PM
Non Alcoholic Beer,10/31/2022 8:52:47 PM
Pizza Bread,10/31/2022 8:53:26 PM
Früh Kölsch,10/31/2022 8:53:47 PM
Pizza Bread,10/31/2022 8:53:48 PM
Moscow Mule,10/31/2022 8:55:21 PM
Tequila Sunrise,10/31/2022 8:55:22 PM
Tequila Sunrise,10/31/2022 8:56:14 PM
Tequila Sunrise,10/31/2022 8:56:14 PM
Mexikaner,10/31/2022 8:56:16 PM
Mexikaner,10/31/2022 8:56:57 PM
Mexikaner,10/31/2022 8:56:58 PM
Mexikaner,10/31/2022 8:57:46 PM
Mexikaner,10/31/2022 8:57:46 PM
Astra Radler,10/31/2022 8:57:47 PM
Astra Radler,10/31/2022 8:57:48 PM
Astra Radler,10/31/2022 8:58:17 PM
Gaffel Kölsch,10/31/2022 8:58:18 PM
Moscow Mule,10/31/2022 8:59:12 PM
Non Alcoholic Beer,10/31/2022 8:59:50 PM
Mönchshof Hell,10/31/2022 8:59:51 PM
Gaffel Kölsch,10/31/2022 8:59:52 PM
Mexikaner,10/31/2022 8:59:53 PM
Mexikaner,10/31/2022 8:59:54 PM
Pizza Bread,10/31/2022 9:01:09 PM
Mexikaner,10/31/2022 9:02:12 PM
Pizza Bread,10/31/2022 9:02:22 PM
Moscow Mule,10/31/2022 9:03:52 PM
Moscow Mule,10/31/2022 9:03:52 PM
Pizza Bread,10/31/2022 9:06:01 PM
Pizza Bread,10/31/2022 9:06:02 PM
Pizza Bread,10/31/2022 9:06:02 PM
Moscow Mule,10/31/2022 9:06:27 PM
Tequila Sunrise,10/31/2022 9:07:32 PM
Pizza Bread,10/31/2022 9:07:33 PM
White Half-dry,10/31/2022 9:08:11 PM
Tequila Sunrise,10/31/2022 9:09:20 PM
White Half-dry,10/31/2022 9:09:21 PM
Gaffel Kölsch,10/31/2022 9:09:25 PM
Gaffel Kölsch,10/31/2022 9:09:25 PM
Pizza Bread,10/31/2022 9:09:26 PM
Pizza Bread,10/31/2022 9:09:26 PM
Tequila Sunrise,10/31/2022 9:11:18 PM
Mönchshof Hell,10/31/2022 9:11:21 PM
Mönchshof Hell,10/31/2022 9:11:21 PM
Gaffel Kölsch,10/31/2022 9:11:24 PM
Gaffel Kölsch,10/31/2022 9:11:25 PM
Fanta,10/31/2022 9:11:26 PM
Pizza Bread,10/31/2022 9:11:50 PM
Pizza Bread,10/31/2022 9:12:24 PM
Pizza Bread,10/31/2022 9:12:25 PM
Mönchshof Hell,10/31/2022 9:13:00 PM
Pizza Bread,10/31/2022 9:13:01 PM
Früh Kölsch,10/31/2022 9:13:35 PM
Gaffel Kölsch,10/31/2022 9:13:36 PM
Mönchshof Hell,10/31/2022 9:13:37 PM
White Sweet,10/31/2022 9:14:30 PM
Non Alcoholic Beer,10/31/2022 9:14:31 PM
Moscow Mule,10/31/2022 9:16:18 PM
Moscow Mule,10/31/2022 9:16:29 PM
Pizza Bread,10/31/2022 9:18:00 PM
Früh Kölsch,10/31/2022 9:18:02 PM
Pizza Bread,10/31/2022 9:19:27 PM
Moscow Mule,10/31/2022 9:19:38 PM
Pizza Bread,10/31/2022 9:19:50 PM
Tequila Sunrise,10/31/2022 9:20:33 PM
Tequila Sunrise,10/31/2022 9:21:51 PM
Mönchshof Hell,10/31/2022 9:21:51 PM
Mönchshof Hell,10/31/2022 9:21:54 PM
Moscow Mule,10/31/2022 9:22:26 PM
Pizza Bread,10/31/2022 9:23:03 PM
Red Dry,10/31/2022 9:24:02 PM
Tequila Sunrise,10/31/2022 9:24:36 PM
Gaffel Kölsch,10/31/2022 9:25:12 PM
Gaffel Kölsch,10/31/2022 9:25:12 PM
Pizza Bread,10/31/2022 9:25:50 PM
Pizza Bread,10/31/2022 9:25:50 PM
Moscow Mule,10/31/2022 9:26:24 PM
Mönchshof Hell,10/31/2022 9:27:56 PM
Pizza Bread,10/31/2022 9:28:06 PM
Red Dry,10/31/2022 9:29:32 PM
Moscow Mule,10/31/2022 9:29:43 PM
Moscow Mule,10/31/2022 9:29:43 PM
Fanta,10/31/2022 9:29:44 PM
Moscow Mule,10/31/2022 9:30:37 PM
Pizza Bread,10/31/2022 9:31:52 PM
Pizza Bread,10/31/2022 9:31:52 PM
Fanta,10/31/2022 9:31:54 PM
Früh Kölsch,10/31/2022 9:32:01 PM
Pizza Bread,10/31/2022 9:33:06 PM
Pizza Bread,10/31/2022 9:33:06 PM
Pizza Bread,10/31/2022 9:33:40 PM
Gaffel Kölsch,10/31/2022 9:33:41 PM
Cola,10/31/2022 9:33:43 PM
Fanta,10/31/2022 9:33:44 PM
Moscow Mule,10/31/2022 9:34:48 PM
Mexikaner,10/31/2022 9:34:49 PM
Mexikaner,10/31/2022 9:34:49 PM
Mexikaner,10/31/2022 9:34:49 PM
Mönchshof Hell,10/31/2022 9:34:51 PM
Pizza Bread,10/31/2022 9:34:52 PM
Mexikaner,10/31/2022 9:35:56 PM
Mexikaner,10/31/2022 9:35:56 PM
Gaffel Kölsch,10/31/2022 9:35:57 PM
Astra Radler,10/31/2022 9:36:33 PM
Gaffel Kölsch,10/31/2022 9:36:35 PM
Mexikaner,10/31/2022 9:36:55 PM
Astra Radler,10/31/2022 9:37:24 PM
Gaffel Kölsch,10/31/2022 9:37:25 PM
Astra Normal,10/31/2022 9:37:28 PM
Mexikaner,10/31/2022 9:37:53 PM
Pizza Bread,10/31/2022 9:38:05 PM
Gaffel Kölsch,10/31/2022 9:38:07 PM
Pizza Bread,10/31/2022 9:38:16 PM
Tequila Sunrise,10/31/2022 9:38:17 PM
Moscow Mule,10/31/2022 9:38:18 PM
Mexikaner,10/31/2022 9:39:09 PM
Mexikaner,10/31/2022 9:39:10 PM
Mexikaner,10/31/2022 9:39:10 PM
Cola,10/31/2022 9:39:36 PM
Pizza Bread,10/31/2022 9:40:29 PM
Cola,10/31/2022 9:40:31 PM
Moscow Mule,10/31/2022 9:40:34 PM
Tequila Sunrise,10/31/2022 9:41:43 PM
Moscow Mule,10/31/2022 9:41:48 PM
Mexikaner,10/31/2022 9:42:37 PM
Mexikaner,10/31/2022 9:42:37 PM
Gaffel Kölsch,10/31/2022 9:42:38 PM
Tequila Sunrise,10/31/2022 9:42:48 PM
Tequila Sunrise,10/31/2022 9:42:48 PM
Tequila Sunrise,10/31/2022 9:42:48 PM
Mexikaner,10/31/2022 9:46:24 PM
Mexikaner,10/31/2022 9:46:24 PM
Mönchshof Hell,10/31/2022 9:46:26 PM
Gaffel Kölsch,10/31/2022 9:46:26 PM
Pizza Bread,10/31/2022 9:46:27 PM
Pizza Bread,10/31/2022 9:47:02 PM
Tequila Sunrise,10/31/2022 9:47:21 PM
Moscow Mule,10/31/2022 9:47:22 PM
Mexikaner,10/31/2022 9:47:22 PM
Mönchshof Hell,10/31/2022 9:48:38 PM
Mönchshof Hell,10/31/2022 9:48:38 PM
Pizza Bread,10/31/2022 9:48:39 PM
Früh Kölsch,10/31/2022 9:49:46 PM
Pizza Bread,10/31/2022 9:49:47 PM
Pizza Bread,10/31/2022 9:50:07 PM
Tequila Sunrise,10/31/2022 9:50:08 PM
Tequila Sunrise,10/31/2022 9:50:08 PM
Tequila Sunrise,10/31/2022 9:51:49 PM
Tequila Sunrise,10/31/2022 9:51:50 PM
Mexikaner,10/31/2022 9:51:51 PM
Mexikaner,10/31/2022 9:51:51 PM
Früh Kölsch,10/31/2022 9:52:03 PM
Red Dry,10/31/2022 9:52:14 PM
Pizza Bread,10/31/2022 9:52:41 PM
Cola,10/31/2022 9:52:58 PM
Pizza Bread,10/31/2022 9:54:10 PM
Tequila Sunrise,10/31/2022 9:54:12 PM
Früh Kölsch,10/31/2022 9:54:37 PM
Mönchshof Hell,10/31/2022 9:54:49 PM
Früh Kölsch,10/31/2022 9:54:53 PM
Mönchshof Hell,10/31/2022 9:55:27 PM
Mexikaner,10/31/2022 9:55:42 PM
Mexikaner,10/31/2022 9:55:43 PM
Mexikaner,10/31/2022 9:55:43 PM
Mönchshof Hell,10/31/2022 9:55:44 PM
Pizza Bread,10/31/2022 9:57:15 PM
Pizza Bread,10/31/2022 9:57:15 PM
Früh Kölsch,10/31/2022 9:59:03 PM
Mexikaner,10/31/2022 9:59:10 PM
Mexikaner,10/31/2022 9:59:10 PM
Mexikaner,10/31/2022 9:59:10 PM
Mönchshof Hell,10/31/2022 10:00:33 PM
Mönchshof Hell,10/31/2022 10:00:34 PM
Mönchshof Hell,10/31/2022 10:00:34 PM
Mönchshof Hell,10/31/2022 10:00:34 PM
Mönchshof Hell,10/31/2022 10:00:35 PM
Astra Normal,10/31/2022 10:01:41 PM
Mexikaner,10/31/2022 10:02:53 PM
Mexikaner,10/31/2022 10:02:53 PM
Tequila Sunrise,10/31/2022 10:02:54 PM
Früh Kölsch,10/31/2022 10:02:57 PM
Früh Kölsch,10/31/2022 10:02:57 PM
Früh Kölsch,10/31/2022 10:02:58 PM
Früh Kölsch,10/31/2022 10:02:58 PM
Früh Kölsch,10/31/2022 10:02:58 PM
Fanta,10/31/2022 10:03:05 PM
Pizza Bread,10/31/2022 10:03:05 PM
Mexikaner,10/31/2022 10:05:01 PM
Mexikaner,10/31/2022 10:05:02 PM
Mexikaner,10/31/2022 10:05:02 PM
Mexikaner,10/31/2022 10:05:02 PM
Tequila Sunrise,10/31/2022 10:05:09 PM
Fanta,10/31/2022 10:06:46 PM
Fanta,10/31/2022 10:06:46 PM
Mexikaner,10/31/2022 10:08:48 PM
Mexikaner,10/31/2022 10:08:48 PM
Mexikaner,10/31/2022 10:08:48 PM
Mexikaner,10/31/2022 10:08:48 PM
Mexikaner,10/31/2022 10:08:48 PM
Mexikaner,10/31/2022 10:08:48 PM
Mexikaner,10/31/2022 10:08:49 PM
Mexikaner,10/31/2022 10:08:49 PM
Mexikaner,10/31/2022 10:08:49 PM
Mexikaner,10/31/2022 10:08:49 PM
Tequila Sunrise,10/31/2022 10:08:50 PM
Tequila Sunrise,10/31/2022 10:08:50 PM
Moscow Mule,10/31/2022 10:09:16 PM
Früh Kölsch,10/31/2022 10:09:18 PM
Cola,10/31/2022 10:09:19 PM
Cola,10/31/2022 10:09:19 PM
Mexikaner,10/31/2022 10:09:44 PM
Mexikaner,10/31/2022 10:09:44 PM
Mexikaner,10/31/2022 10:09:44 PM
Non Alcoholic Beer,10/31/2022 10:09:52 PM
SevenUp,10/31/2022 10:10:00 PM
Pizza Bread,10/31/2022 10:10:19 PM
Pizza Bread,10/31/2022 10:11:32 PM
Pizza Bread,10/31/2022 10:11:32 PM
Pizza Bread,10/31/2022 10:11:32 PM
Pizza Bread,10/31/2022 10:12:11 PM
Moscow Mule,10/31/2022 10:12:12 PM
Pizza Bread,10/31/2022 10:12:52 PM
Pizza Bread,10/31/2022 10:12:52 PM
Pizza Bread,10/31/2022 10:12:53 PM
Mönchshof Hell,10/31/2022 10:13:26 PM
Mönchshof Hell,10/31/2022 10:13:26 PM
Mexikaner,10/31/2022 10:13:27 PM
Mexikaner,10/31/2022 10:13:27 PM
Fanta,10/31/2022 10:13:28 PM
Mönchshof Hell,10/31/2022 10:14:22 PM
Moscow Mule,10/31/2022 10:14:23 PM
Pizza Bread,10/31/2022 10:14:44 PM
Cola,10/31/2022 10:16:52 PM
Pizza Bread,10/31/2022 10:16:53 PM
Mexikaner,10/31/2022 10:17:27 PM
Mexikaner,10/31/2022 10:17:43 PM
Mexikaner,10/31/2022 10:17:43 PM
Mexikaner,10/31/2022 10:17:43 PM
Früh Kölsch,10/31/2022 10:17:49 PM
Früh Kölsch,10/31/2022 10:17:49 PM
Früh Kölsch,10/31/2022 10:17:49 PM
Mexikaner,10/31/2022 10:18:35 PM
Mexikaner,10/31/2022 10:18:36 PM
Mexikaner,10/31/2022 10:20:44 PM
Mexikaner,10/31/2022 10:20:44 PM
Mexikaner,10/31/2022 10:20:44 PM
Mexikaner,10/31/2022 10:20:44 PM
Mexikaner,10/31/2022 10:20:45 PM
Mexikaner,10/31/2022 10:20:46 PM
Mönchshof Hell,10/31/2022 10:20:49 PM
Mönchshof Hell,10/31/2022 10:20:50 PM
Mönchshof Hell,10/31/2022 10:20:50 PM
Mönchshof Hell,10/31/2022 10:20:50 PM
Tequila Sunrise,10/31/2022 10:20:53 PM
Tequila Sunrise,10/31/2022 10:20:53 PM
Tequila Sunrise,10/31/2022 10:20:53 PM
Tequila Sunrise,10/31/2022 10:20:53 PM
Mönchshof Hell,10/31/2022 10:21:51 PM
Moscow Mule,10/31/2022 10:21:52 PM
Mönchshof Hell,10/31/2022 10:21:52 PM
Cola,10/31/2022 10:22:01 PM
Cola,10/31/2022 10:22:01 PM
Tequila Sunrise,10/31/2022 10:22:36 PM
Mexikaner,10/31/2022 10:22:37 PM
Mexikaner,10/31/2022 10:22:37 PM
Fanta,10/31/2022 10:28:04 PM
Mönchshof Hell,10/31/2022 10:28:45 PM
Pizza Bread,10/31/2022 10:28:45 PM
Cola,10/31/2022 10:28:56 PM
Tequila Sunrise,10/31/2022 10:29:48 PM
Tequila Sunrise,10/31/2022 10:29:48 PM
Mexikaner,10/31/2022 10:29:49 PM
Mexikaner,10/31/2022 10:29:50 PM
Mexikaner,10/31/2022 10:29:50 PM
Mexikaner,10/31/2022 10:29:50 PM
Mexikaner,10/31/2022 10:29:51 PM
Mexikaner,10/31/2022 10:29:51 PM
Tequila Sunrise,10/31/2022 10:29:55 PM
Mexikaner,10/31/2022 10:31:48 PM
Mexikaner,10/31/2022 10:31:48 PM
Mönchshof Hell,10/31/2022 10:31:50 PM
Mönchshof Hell,10/31/2022 10:31:50 PM
Mönchshof Hell,10/31/2022 10:32:07 PM
Tequila Sunrise,10/31/2022 10:34:53 PM
Pizza Bread,10/31/2022 10:35:12 PM
Moscow Mule,10/31/2022 10:35:40 PM
Pizza Bread,10/31/2022 10:36:09 PM
Pizza Bread,10/31/2022 10:37:12 PM
Pizza Bread,10/31/2022 10:37:39 PM
Pizza Bread,10/31/2022 10:37:40 PM
Früh Kölsch,10/31/2022 10:38:33 PM
Pizza Bread,10/31/2022 10:39:09 PM
Pizza Bread,10/31/2022 10:39:09 PM
Pizza Bread,10/31/2022 10:39:18 PM
Früh Kölsch,10/31/2022 10:39:45 PM
Moscow Mule,10/31/2022 10:40:59 PM
Früh Kölsch,10/31/2022 10:41:41 PM
Früh Kölsch,10/31/2022 10:41:41 PM
Früh Kölsch,10/31/2022 10:41:48 PM
Pizza Bread,10/31/2022 10:42:32 PM
Früh Kölsch,10/31/2022 10:42:33 PM
Mexikaner,10/31/2022 10:42:44 PM
Cola,10/31/2022 10:43:12 PM
Moscow Mule,10/31/2022 10:43:34 PM
Tequila Sunrise,10/31/2022 10:44:11 PM
Moscow Mule,10/31/2022 10:47:25 PM
Pizza Bread,10/31/2022 10:47:44 PM
Non Alcoholic Beer,10/31/2022 10:48:10 PM
Moscow Mule,10/31/2022 10:49:56 PM
Pizza Bread,10/31/2022 10:50:21 PM
Tequila Sunrise,10/31/2022 10:50:44 PM
Tequila Sunrise,10/31/2022 10:50:44 PM
Pizza Bread,10/31/2022 10:50:51 PM
Cola,10/31/2022 10:50:53 PM
Astra Normal,10/31/2022 10:50:57 PM
Moscow Mule,10/31/2022 10:52:51 PM
Cola,10/31/2022 10:52:53 PM
Tequila Sunrise,10/31/2022 10:54:03 PM
Mexikaner,10/31/2022 10:54:12 PM
Gaffel Kölsch,10/31/2022 10:54:24 PM
Gaffel Kölsch,10/31/2022 10:54:25 PM
Pizza Bread,10/31/2022 10:55:01 PM
Früh Kölsch,10/31/2022 10:55:13 PM
Früh Kölsch,10/31/2022 10:55:32 PM
Mönchshof Hell,10/31/2022 10:55:43 PM
Moscow Mule,10/31/2022 10:55:58 PM
Mexikaner,10/31/2022 10:56:04 PM
Moscow Mule,10/31/2022 10:56:16 PM
Mexikaner,10/31/2022 10:56:58 PM
Moscow Mule,10/31/2022 10:57:39 PM
Moscow Mule,10/31/2022 10:57:40 PM
Moscow Mule,10/31/2022 10:59:13 PM
Moscow Mule,10/31/2022 10:59:13 PM
Tequila Sunrise,10/31/2022 10:59:27 PM
Mexikaner,10/31/2022 11:00:36 PM
Moscow Mule,10/31/2022 11:01:20 PM
Tequila Sunrise,10/31/2022 11:02:50 PM
Tequila Sunrise,10/31/2022 11:02:50 PM
Mönchshof Hell,10/31/2022 11:02:55 PM
Astra Radler,10/31/2022 11:03:00 PM
Astra Normal,10/31/2022 11:03:05 PM
Mexikaner,10/31/2022 11:03:07 PM
Mexikaner,10/31/2022 11:03:08 PM
Moscow Mule,10/31/2022 11:03:09 PM
Pizza Bread,10/31/2022 11:04:14 PM
Tequila Sunrise,10/31/2022 11:04:15 PM
Astra Radler,10/31/2022 11:04:32 PM
Astra Radler,10/31/2022 11:04:33 PM
Mexikaner,10/31/2022 11:06:08 PM
Fanta,10/31/2022 11:06:30 PM
Tequila Sunrise,10/31/2022 11:06:33 PM
Moscow Mule,10/31/2022 11:06:34 PM
Mexikaner,10/31/2022 11:06:35 PM
Mexikaner,10/31/2022 11:07:07 PM
Mexikaner,10/31/2022 11:07:07 PM
Mexikaner,10/31/2022 11:07:31 PM
Pizza Bread,10/31/2022 11:07:33 PM
Pizza Bread,10/31/2022 11:07:33 PM
Cola,10/31/2022 11:07:34 PM
Mexikaner,10/31/2022 11:07:43 PM
Mexikaner,10/31/2022 11:07:43 PM
Pizza Bread,10/31/2022 11:09:22 PM
Astra Radler,10/31/2022 11:10:04 PM
Cola,10/31/2022 11:10:05 PM
Mönchshof Kellerbier,10/31/2022 11:11:43 PM
Astra Normal,10/31/2022 11:11:50 PM
Pizza Bread,10/31/2022 11:11:51 PM
Astra Normal,10/31/2022 11:12:35 PM
Astra Normal,10/31/2022 11:12:36 PM
Fanta,10/31/2022 11:12:38 PM
Astra Normal,10/31/2022 11:12:49 PM
Pizza Bread,10/31/2022 11:12:50 PM
Astra Normal,10/31/2022 11:13:09 PM
Pizza Bread,10/31/2022 11:13:24 PM
Pizza Bread,10/31/2022 11:13:24 PM
Tequila Sunrise,10/31/2022 11:13:31 PM
Astra Radler,10/31/2022 11:13:33 PM
Moscow Mule,10/31/2022 11:14:57 PM
Moscow Mule,10/31/2022 11:14:57 PM
Astra Radler,10/31/2022 11:15:07 PM
Pizza Bread,10/31/2022 11:15:08 PM
Astra Radler,10/31/2022 11:17:13 PM
Astra Radler,10/31/2022 11:18:38 PM
Astra Radler,10/31/2022 11:18:38 PM
Astra Radler,10/31/2022 11:19:54 PM
Mexikaner,10/31/2022 11:20:22 PM
Mexikaner,10/31/2022 11:20:22 PM
Cola,10/31/2022 11:21:39 PM
Tequila Sunrise,10/31/2022 11:23:02 PM
Tequila Sunrise,10/31/2022 11:23:02 PM
Tequila Sunrise,10/31/2022 11:23:03 PM
Moscow Mule,10/31/2022 11:23:50 PM
Mexikaner,10/31/2022 11:24:59 PM
Mexikaner,10/31/2022 11:24:59 PM
Mexikaner,10/31/2022 11:25:00 PM
Mexikaner,10/31/2022 11:25:00 PM
Mexikaner,10/31/2022 11:25:01 PM
Mexikaner,10/31/2022 11:25:01 PM
Mexikaner,10/31/2022 11:25:01 PM
Mexikaner,10/31/2022 11:25:01 PM
Mexikaner,10/31/2022 11:25:02 PM
Mexikaner,10/31/2022 11:25:02 PM
Moscow Mule,10/31/2022 11:28:08 PM
Moscow Mule,10/31/2022 11:28:08 PM
Astra Normal,10/31/2022 11:28:21 PM
Astra Normal,10/31/2022 11:30:29 PM
Astra Normal,10/31/2022 11:30:29 PM
Pizza Bread,10/31/2022 11:32:02 PM
Astra Radler,10/31/2022 11:32:05 PM
Pizza Bread,10/31/2022 11:32:19 PM
Tequila Sunrise,10/31/2022 11:34:24 PM
Tequila Sunrise,10/31/2022 11:34:24 PM
Mexikaner,10/31/2022 11:35:42 PM
Mexikaner,10/31/2022 11:35:42 PM
Astra Radler,10/31/2022 11:35:59 PM
Astra Radler,10/31/2022 11:37:21 PM
Astra Radler,10/31/2022 11:37:21 PM
Non Alcoholic Beer,10/31/2022 11:38:57 PM
Mexikaner,10/31/2022 11:41:12 PM
Mexikaner,10/31/2022 11:41:12 PM
Mexikaner,10/31/2022 11:43:29 PM
Mexikaner,10/31/2022 11:43:29 PM
Tequila Sunrise,10/31/2022 11:43:52 PM
Tequila Sunrise,10/31/2022 11:43:52 PM
Fanta,10/31/2022 11:44:18 PM
Tequila Sunrise,10/31/2022 11:45:33 PM
Tequila Sunrise,10/31/2022 11:45:34 PM
Mexikaner,10/31/2022 11:45:35 PM
Mexikaner,10/31/2022 11:45:35 PM
Tequila Sunrise,10/31/2022 11:46:48 PM
Mexikaner,10/31/2022 11:48:34 PM
Mexikaner,10/31/2022 11:48:34 PM
Mexikaner,10/31/2022 11:48:35 PM
Mexikaner,10/31/2022 11:49:43 PM
Mexikaner,10/31/2022 11:49:43 PM
Mexikaner,10/31/2022 11:49:44 PM
Tequila Sunrise,10/31/2022 11:49:44 PM
Astra Radler,10/31/2022 11:49:53 PM
Astra Radler,10/31/2022 11:49:53 PM
SevenUp,10/31/2022 11:50:24 PM
Astra Radler,10/31/2022 11:50:59 PM
SevenUp,10/31/2022 11:52:40 PM
SevenUp,10/31/2022 11:52:40 PM
Pizza Bread,10/31/2022 11:54:24 PM
Mexikaner,10/31/2022 11:55:33 PM
Mexikaner,10/31/2022 11:55:33 PM
Mexikaner,10/31/2022 11:56:17 PM
Mexikaner,10/31/2022 11:56:17 PM
Mexikaner,10/31/2022 11:56:18 PM
Mexikaner,10/31/2022 11:56:19 PM
Mexikaner,10/31/2022 11:56:26 PM
Moscow Mule,10/31/2022 11:56:31 PM
Mexikaner,10/31/2022 11:57:50 PM
Mexikaner,10/31/2022 11:57:50 PM
Mexikaner,10/31/2022 11:57:51 PM
Mexikaner,10/31/2022 11:57:51 PM
Astra Radler,11/1/2022 12:01:10 AM
Astra Radler,11/1/2022 12:01:25 AM
Pizza Bread,11/1/2022 12:01:58 AM
Pizza Bread,11/1/2022 12:01:58 AM
Astra Radler,11/1/2022 12:04:20 AM
Astra Radler,11/1/2022 12:04:20 AM
Fanta,11/1/2022 12:04:25 AM
Fanta,11/1/2022 12:04:25 AM
Pizza Bread,11/1/2022 12:04:36 AM
Pizza Bread,11/1/2022 12:04:36 AM
Pizza Bread,11/1/2022 12:05:01 AM
Pizza Bread,11/1/2022 12:05:01 AM
Astra Radler,11/1/2022 12:06:11 AM
Mexikaner,11/1/2022 12:06:13 AM
Mexikaner,11/1/2022 12:06:13 AM
Cola,11/1/2022 12:06:15 AM
Astra Radler,11/1/2022 12:08:13 AM
Astra Radler,11/1/2022 12:08:13 AM
Mexikaner,11/1/2022 12:13:17 AM
Mexikaner,11/1/2022 12:13:18 AM
Mexikaner,11/1/2022 12:13:18 AM
Mexikaner,11/1/2022 12:18:23 AM
Cola,11/1/2022 12:18:26 AM
Pizza Bread,11/1/2022 12:24:16 AM
Astra Radler,11/1/2022 12:24:18 AM
Astra Radler,11/1/2022 12:37:04 AM
Astra Radler,11/1/2022 12:37:04 AM
Astra Radler,11/1/2022 12:37:04 AM
